model,strategy,f1_mean,precision_mean,recall_mean,roc_auc_mean,pr_auc_mean,f1_std,precision_std,recall_std,roc_auc_std,pr_auc_std
Random guessing (reference),-,0.2479320987654321,0.2439024390243903,0.25211538461538463,0.4973421275694004,0.2547482801751094,0.09087491654602699,0.08994677519310135,0.09183911070505489,0.061045894073695255,0.034297085422854715
Logistic Regression,class_weight,0.7029240350332542,0.6324219778007154,0.7951282051282051,0.8670359980928163,0.6757327755038004,0.02965446629276873,0.03673850133063579,0.05554271712275193,0.02062410187519324,0.03993565362593603
Logistic Regression,smote,0.6499090256837876,0.6820049852808474,0.6282051282051282,0.8496624417249418,0.6453198327725568,0.038442679514791564,0.044590789637030934,0.07470245602539564,0.022979984718934008,0.029744369794632585
Linear SVM,class_weight,0.7144478830843306,0.6403596072080218,0.8128205128205128,0.8738679805043443,0.6835875017655655,0.025792092517993276,0.0437423213620467,0.04656423669923072,0.02443306240311467,0.04611252701975479
Linear SVM,smote,0.6624044131702408,0.6920443363511399,0.6433333333333333,0.8608984821996184,0.6656633631882285,0.042615917433257385,0.05405303591009653,0.07904768906561452,0.025445255080133435,0.03759082598123287
Random Forest,class_weight,0.6458769667481062,0.5846989742838591,0.7269230769230768,0.8257438281415554,0.6108366134502823,0.049399266304246695,0.05420574794385691,0.06816306298735805,0.0363777119376203,0.059554155799870764
Random Forest,smote,0.5810638706945367,0.5872586620024084,0.5836538461538462,0.7929388774104683,0.5422152698349757,0.04375579933643703,0.07119453043014791,0.0634532822912304,0.03811847376743579,0.05901856395872583
XGBoost,class_weight,0.7356890218056944,0.6525905953055602,0.8457692307692307,0.8627644495655862,0.6630928197649533,0.02770203429867337,0.035889622457130975,0.04223011535620081,0.033505262574710516,0.044249364345924164
XGBoost,smote,0.663307907024637,0.6387591547214972,0.6969230769230769,0.8576038620470439,0.6293640419969987,0.04373853149912274,0.04112511701677606,0.08666552874385719,0.031681037884843555,0.05445444645284588
